{
    "attributes": {
        "accept": {
            "elements": [
                "form",
                "input"
            ],
            "description": "List of types the server accepts, typically a file type."
        },
        "acceptCharset": {
            "elements": [
                "form"
            ],
            "description": "List of supported charsets."
        },
        "accessKey": {
            "elements": [
                "Globalattribute"
            ],
            "description": "Keyboard shortcut to activate or add focus to the element."
        },
        "action": {
            "elements": [
                "form"
            ],
            "description": "The URI of a program that processes the information submitted via the form."
        },
        "allow": {
            "elements": [
                "iframe"
            ],
            "description": "Specifies a feature-policy for the iframe."
        },
        "alt": {
            "elements": [
                "applet",
                "area",
                "img",
                "input"
            ],
            "description": "Alternative text in case an image can't be displayed."
        },
        "async": {
            "elements": [
                "script"
            ],
            "description": "Executes the script asynchronously."
        },
        "autoComplete": {
            "elements": [
                "form",
                "input",
                "select",
                "textarea"
            ],
            "description": "Indicates whether controls in this form can by default have their values automatically completed by the browser."
        },
        "autoFocus": {
            "elements": [
                "button",
                "input",
                "keygen",
                "select",
                "textarea"
            ],
            "description": "The element should be automatically focused after the page loaded."
        },
        "autoPlay": {
            "elements": [
                "audio",
                "video"
            ],
            "description": "The audio or video should play as soon as possible."
        },
        "capture": {
            "elements": [
                "input"
            ],
            "description": "From the Media Capture specification, specifies a new file can be captured."
        },
        "challenge": {
            "elements": [
                "keygen"
            ],
            "description": "A challenge string that is submitted along with the public key."
        },
        "charSet": {
            "elements": [
                "meta",
                "script"
            ],
            "description": "Declares the character encoding of the page or script."
        },
        "checked": {
            "elements": [
                "command",
                "input"
            ],
            "description": "Indicates whether the element should be checked on page load."
        },
        "cite": {
            "elements": [
                "blockquote",
                "del",
                "ins",
                "q"
            ],
            "description": "Contains a URI which points to the source of the quote or change."
        },
        "className": {
            "elements": [
                "Globalattribute"
            ],
            "description": "Often used with CSS to style elements with common properties."
        },
        "cols": {
            "elements": [
                "textarea"
            ],
            "description": "Defines the number of columns in a textarea."
        },
        "colSpan": {
            "elements": [
                "td",
                "th"
            ],
            "description": "The colspan attribute defines the number of columns a cell should span."
        },
        "content": {
            "elements": [
                "meta"
            ],
            "description": "A value associated with http-equiv or name depending on the context."
        },
        "contentEditable": {
            "elements": [
                "Globalattribute"
            ],
            "description": "Indicates whether the element's content is editable."
        },
        "contextMenu": {
            "elements": [
                "Globalattribute"
            ],
            "description": "Defines the ID of a <menu> element which will serve as the element's context menu."
        },
        "controls": {
            "elements": [
                "audio",
                "video"
            ],
            "description": "Indicates whether the browser should show playback controls to the user."
        },
        "coords": {
            "elements": [
                "area"
            ],
            "description": "A set of values specifying the coordinates of the hot-spot region."
        },
        "crossOrigin": {
            "elements": [
                "audio",
                "img",
                "link",
                "script",
                "video"
            ],
            "description": "How the element handles cross-origin requests"
        },
        "data": {
            "elements": [
                "object"
            ],
            "description": "Specifies the URL of the resource."
        },
        "dateTime": {
            "elements": [
                "del",
                "ins",
                "time"
            ],
            "description": "Indicates the date and time associated with the element."
        },
        "default": {
            "elements": [
                "track"
            ],
            "description": "Indicates that the track should be enabled unless the user's preferences indicate something different."
        },
        "defer": {
            "elements": [
                "script"
            ],
            "description": "Indicates that the script should be executed after the page has been parsed."
        },
        "dir": {
            "elements": [
                "Globalattribute"
            ],
            "description": "Defines the text direction. Allowed values are ltr (Left-To-Right) or rtl (Right-To-Left)"
        },
        "disabled": {
            "elements": [
                "button",
                "command",
                "fieldset",
                "input",
                "keygen",
                "optgroup",
                "option",
                "select",
                "textarea"
            ],
            "description": "Indicates whether the user can interact with the element."
        },
        "download": {
            "elements": [
                "a",
                "area"
            ],
            "description": "Indicates that the hyperlink is to be used for downloading a resource."
        },
        "draggable": {
            "elements": [
                "Globalattribute"
            ],
            "description": "Defines whether the element can be dragged."
        },
        "encType": {
            "elements": [
                "form"
            ],
            "description": "Defines the content type of the form data when the method is POST."
        },
        "htmlFor": {
            "elements": [
                "label",
                "output"
            ],
            "description": "Describes elements which belongs to this one."
        },
        "form": {
            "elements": [
                "button",
                "fieldset",
                "input",
                "keygen",
                "label",
                "meter",
                "object",
                "output",
                "progress",
                "select",
                "textarea"
            ],
            "description": "Indicates the form that is the owner of the element."
        },
        "formAction": {
            "elements": [
                "input",
                "button"
            ],
            "description": "Indicates the action of the element, overriding the action defined in the <form>."
        },
        "formEncType": {
            "elements": [
                "button",
                "input"
            ],
            "description": "If the button/input is a submit button (type=\"submit\"), this attribute sets the encoding type to use during form submission. If this attribute is specified, it overrides the enctype attribute of the button's form owner."
        },
        "formMethod": {
            "elements": [
                "button",
                "input"
            ],
            "description": "If the button/input is a submit button (type=\"submit\"), this attribute sets the submission method to use during form submission (GET, POST, etc.). If this attribute is specified, it overrides the method attribute of the button's form owner."
        },
        "formNoValidate": {
            "elements": [
                "button",
                "input"
            ],
            "description": "If the button/input is a submit button (type=\"submit\"), this boolean attribute specifies that the form is not to be validated when it is submitted. If this attribute is specified, it overrides the novalidate attribute of the button's form owner."
        },
        "formTarget": {
            "elements": [
                "button",
                "input"
            ],
            "description": "If the button/input is a submit button (type=\"submit\"), this attribute specifies the browsing context (for example, tab, window, or inline frame) in which to display the response that is received after submitting the form. If this attribute is specified, it overrides the target attribute of the button's form owner."
        },
        "headers": {
            "elements": [
                "td",
                "th"
            ],
            "description": "IDs of the <th> elements which applies to this element."
        },
        "height": {
            "elements": [
                "canvas",
                "embed",
                "iframe",
                "img",
                "input",
                "object",
                "video"
            ],
            "description": "Specifies the height of elements listed here. For all other elements, use the CSS height property. Note: In some instances, such as <div>, this is a legacy attribute, in which case the CSS height property should be used instead."
        },
        "hidden": {
            "elements": [
                "Globalattribute"
            ],
            "description": "Prevents rendering of given element, while keeping child elements, e.g. script elements, active."
        },
        "high": {
            "elements": [
                "meter"
            ],
            "description": "Indicates the lower bound of the upper range."
        },
        "href": {
            "elements": [
                "a",
                "area",
                "base",
                "link"
            ],
            "description": "The URL of a linked resource."
        },
        "hrefLang": {
            "elements": [
                "a",
                "area",
                "link"
            ],
            "description": "Specifies the language of the linked resource."
        },
        "httpEquiv": {
            "elements": [
                "meta"
            ],
            "description": "Defines a pragma directive."
        },
        "icon": {
            "elements": [
                "command"
            ],
            "description": "Specifies a picture which represents the command."
        },
        "id": {
            "elements": [
                "Globalattribute"
            ],
            "description": "Often used with CSS to style a specific element. The value of this attribute must be unique."
        },
        "integrity": {
            "elements": [
                "link",
                "script"
            ],
            "description": "Specifies a Subresource Integrity value that allows browsers to verify what they fetch."
        },
        "inputMode": {
            "elements": [
                "textarea",
                "contenteditable"
            ],
            "description": "Provides a hint as to the type of data that might be entered by the user while editing the element or its contents. The attribute can be used with form controls (such as the value of textarea elements), or in elements in an editing host (e.g., using contenteditable attribute)."
        },
        "keyType": {
            "elements": [
                "keygen"
            ],
            "description": "Specifies the type of key generated."
        },
        "kind": {
            "elements": [
                "track"
            ],
            "description": "Specifies the kind of text track."
        },
        "label": {
            "elements": [
                "optgroup",
                "option",
                "track"
            ],
            "description": "Specifies a user-readable title of the element."
        },
        "lang": {
            "elements": [
                "Globalattribute"
            ],
            "description": "Defines the language used in the element."
        },
        "list": {
            "elements": [
                "input"
            ],
            "description": "Identifies a list of pre-defined options to suggest to the user."
        },
        "loop": {
            "elements": [
                "audio",
                "bgsound",
                "marquee",
                "video"
            ],
            "description": "Indicates whether the media should start playing from the start when it's finished."
        },
        "low": {
            "elements": [
                "meter"
            ],
            "description": "Indicates the upper bound of the lower range."
        },
        "manifest": {
            "elements": [
                "html"
            ],
            "description": "Specifies the URL of the document's cache manifest. Note: This attribute is obsolete, use <link rel=\"manifest\"> instead."
        },
        "max": {
            "elements": [
                "input",
                "meter",
                "progress"
            ],
            "description": "Indicates the maximum value allowed."
        },
        "maxLength": {
            "elements": [
                "input",
                "textarea"
            ],
            "description": "Defines the maximum number of characters allowed in the element."
        },
        "minLength": {
            "elements": [
                "input",
                "textarea"
            ],
            "description": "Defines the minimum number of characters allowed in the element."
        },
        "media": {
            "elements": [
                "a",
                "area",
                "link",
                "source",
                "style"
            ],
            "description": "Specifies a hint of the media for which the linked resource was designed."
        },
        "method": {
            "elements": [
                "form"
            ],
            "description": "Defines which HTTP method to use when submitting the form. Can be GET (default) or POST."
        },
        "min": {
            "elements": [
                "input",
                "meter"
            ],
            "description": "Indicates the minimum value allowed."
        },
        "multiple": {
            "elements": [
                "input",
                "select"
            ],
            "description": "Indicates whether multiple values can be entered in an input of the type email or file."
        },
        "muted": {
            "elements": [
                "audio",
                "video"
            ],
            "description": "Indicates whether the audio will be initially silenced on page load."
        },
        "name": {
            "elements": [
                "button",
                "form",
                "fieldset",
                "iframe",
                "input",
                "keygen",
                "object",
                "output",
                "select",
                "textarea",
                "map",
                "meta",
                "param"
            ],
            "description": "Name of the element. For example used by the server to identify the fields in form submits."
        },
        "noValidate": {
            "elements": [
                "form"
            ],
            "description": "This attribute indicates that the form shouldn't be validated when submitted."
        },
        "open": {
            "elements": [
                "details",
                "dialog"
            ],
            "description": "Indicates whether the the contents are currently visible (in the case of a <details> element) or whether the dialog is active and can be interacted with (in the case of a <dialog> element)."
        },
        "optimum": {
            "elements": [
                "meter"
            ],
            "description": "Indicates the optimal numeric value."
        },
        "pattern": {
            "elements": [
                "input"
            ],
            "description": "Defines a regular expression which the element's value will be validated against."
        },
        "placeholder": {
            "elements": [
                "input",
                "textarea"
            ],
            "description": "Provides a hint to the user of what can be entered in the field."
        },
        "poster": {
            "elements": [
                "video"
            ],
            "description": "A URL indicating a poster frame to show until the user plays or seeks."
        },
        "preload": {
            "elements": [
                "audio",
                "video"
            ],
            "description": "Indicates whether the whole resource, parts of it or nothing should be preloaded."
        },
        "radioGroup": {
            "elements": [
                "command"
            ],
            "description": ""
        },
        "readOnly": {
            "elements": [
                "input",
                "textarea"
            ],
            "description": "Indicates whether the element can be edited."
        },
        "referrerPolicy": {
            "elements": [
                "a",
                "area",
                "iframe",
                "img",
                "link",
                "script"
            ],
            "description": "Specifies which referrer is sent when fetching the resource."
        },
        "rel": {
            "elements": [
                "a",
                "area",
                "link"
            ],
            "description": "Specifies the relationship of the target object to the link object."
        },
        "required": {
            "elements": [
                "input",
                "select",
                "textarea"
            ],
            "description": "Indicates whether this element is required to fill out or not."
        },
        "reversed": {
            "elements": [
                "ol"
            ],
            "description": "Indicates whether the list should be displayed in a descending order instead of a ascending."
        },
        "rows": {
            "elements": [
                "textarea"
            ],
            "description": "Defines the number of rows in a text area."
        },
        "rowSpan": {
            "elements": [
                "td",
                "th"
            ],
            "description": "Defines the number of rows a table cell should span over."
        },
        "sandbox": {
            "elements": [
                "iframe"
            ],
            "description": "Stops a document loaded in an iframe from using certain features (such as submitting forms or opening new windows)."
        },
        "scope": {
            "elements": [
                "th"
            ],
            "description": "Defines the cells that the header test (defined in the th element) relates to."
        },
        "scoped": {
            "elements": [
                "style"
            ],
            "description": ""
        },
        "selected": {
            "elements": [
                "option"
            ],
            "description": "Defines a value which will be selected on page load."
        },
        "shape": {
            "elements": [
                "a",
                "area"
            ],
            "description": ""
        },
        "size": {
            "elements": [
                "input",
                "select"
            ],
            "description": "Defines the width of the element (in pixels). If the element's type attribute is text or password then it's the number of characters."
        },
        "sizes": {
            "elements": [
                "link",
                "img",
                "source"
            ],
            "description": ""
        },
        "span": {
            "elements": [
                "col",
                "colgroup"
            ],
            "description": ""
        },
        "spellCheck": {
            "elements": [
                "Globalattribute"
            ],
            "description": "Indicates whether spell checking is allowed for the element."
        },
        "src": {
            "elements": [
                "audio",
                "embed",
                "iframe",
                "img",
                "input",
                "script",
                "source",
                "track",
                "video"
            ],
            "description": "The URL of the embeddable content."
        },
        "srcDoc": {
            "elements": [
                "iframe"
            ],
            "description": ""
        },
        "srcLang": {
            "elements": [
                "track"
            ],
            "description": ""
        },
        "srcSet": {
            "elements": [
                "img",
                "source"
            ],
            "description": "One or more responsive image candidates."
        },
        "start": {
            "elements": [
                "ol"
            ],
            "description": "Defines the first number if other than 1."
        },
        "step": {
            "elements": [
                "input"
            ],
            "description": ""
        },
        "style": {
            "elements": [
                "Globalattribute"
            ],
            "description": "Defines CSS styles which will override styles previously set."
        },
        "summary": {
            "elements": [
                "table"
            ],
            "description": ""
        },
        "tabIndex": {
            "elements": [
                "Globalattribute"
            ],
            "description": "Overrides the browser's default tab order and follows the one specified instead."
        },
        "target": {
            "elements": [
                "a",
                "area",
                "base",
                "form"
            ],
            "description": "Specifies where to open the linked document (in the case of an <a> element) or where to display the response received (in the case of a <form> element)"
        },
        "title": {
            "elements": [
                "Globalattribute"
            ],
            "description": "Text to be displayed in a tooltip when hovering over the element."
        },
        "type": {
            "elements": [
                "button",
                "input",
                "command",
                "embed",
                "object",
                "script",
                "source",
                "style",
                "menu",
                "link"
            ],
            "description": "Defines the type of the element."
        },
        "useMap": {
            "elements": [
                "img",
                "input",
                "object"
            ],
            "description": ""
        },
        "value": {
            "elements": [
                "button",
                "data",
                "input",
                "li",
                "meter",
                "option",
                "progress",
                "param"
            ],
            "description": "Defines a default value which will be displayed in the element on page load."
        },
        "width": {
            "elements": [
                "canvas",
                "embed",
                "iframe",
                "img",
                "input",
                "object",
                "video"
            ],
            "description": "For the elements listed here, this establishes the element's width. Note: For all other instances, such as <div>, this is a legacy attribute, in which case the CSS width property should be used instead."
        },
        "wrap": {
            "elements": [
                "textarea"
            ],
            "description": "Indicates whether the text should be wrapped."
        }
    },
    "elements": {
        "form": [
            "accept",
            "acceptCharset",
            "action",
            "autoComplete",
            "encType",
            "method",
            "name",
            "noValidate",
            "target"
        ],
        "input": [
            "accept",
            "alt",
            "autoComplete",
            "autoFocus",
            "capture",
            "checked",
            "disabled",
            "form",
            "formAction",
            "formEncType",
            "formMethod",
            "formNoValidate",
            "formTarget",
            "height",
            "list",
            "max",
            "maxLength",
            "minLength",
            "min",
            "multiple",
            "name",
            "pattern",
            "placeholder",
            "readOnly",
            "required",
            "size",
            "src",
            "step",
            "type",
            "useMap",
            "value",
            "width"
        ],
        "Globalattribute": [
            "accessKey",
            "className",
            "contentEditable",
            "contextMenu",
            "dir",
            "draggable",
            "hidden",
            "id",
            "lang",
            "spellCheck",
            "style",
            "tabIndex",
            "title"
        ],
        "iframe": [
            "allow",
            "height",
            "name",
            "referrerPolicy",
            "sandbox",
            "src",
            "srcDoc",
            "width"
        ],
        "applet": [
            "alt"
        ],
        "area": [
            "alt",
            "coords",
            "download",
            "href",
            "hrefLang",
            "media",
            "referrerPolicy",
            "rel",
            "shape",
            "target"
        ],
        "img": [
            "alt",
            "crossOrigin",
            "height",
            "referrerPolicy",
            "sizes",
            "src",
            "srcSet",
            "useMap",
            "width"
        ],
        "script": [
            "async",
            "charSet",
            "crossOrigin",
            "defer",
            "integrity",
            "referrerPolicy",
            "src",
            "type"
        ],
        "select": [
            "autoComplete",
            "autoFocus",
            "disabled",
            "form",
            "multiple",
            "name",
            "required",
            "size"
        ],
        "textarea": [
            "autoComplete",
            "autoFocus",
            "cols",
            "disabled",
            "form",
            "inputMode",
            "maxLength",
            "minLength",
            "name",
            "placeholder",
            "readOnly",
            "required",
            "rows",
            "wrap"
        ],
        "button": [
            "autoFocus",
            "disabled",
            "form",
            "formAction",
            "formEncType",
            "formMethod",
            "formNoValidate",
            "formTarget",
            "name",
            "type",
            "value"
        ],
        "keygen": [
            "autoFocus",
            "challenge",
            "disabled",
            "form",
            "keyType",
            "name"
        ],
        "audio": [
            "autoPlay",
            "controls",
            "crossOrigin",
            "loop",
            "muted",
            "preload",
            "src"
        ],
        "video": [
            "autoPlay",
            "controls",
            "crossOrigin",
            "height",
            "loop",
            "muted",
            "poster",
            "preload",
            "src",
            "width"
        ],
        "meta": [
            "charSet",
            "content",
            "httpEquiv",
            "name"
        ],
        "command": [
            "checked",
            "disabled",
            "icon",
            "radioGroup",
            "type"
        ],
        "blockquote": [
            "cite"
        ],
        "del": [
            "cite",
            "dateTime"
        ],
        "ins": [
            "cite",
            "dateTime"
        ],
        "q": [
            "cite"
        ],
        "td": [
            "colSpan",
            "headers",
            "rowSpan"
        ],
        "th": [
            "colSpan",
            "headers",
            "rowSpan",
            "scope"
        ],
        "link": [
            "crossOrigin",
            "href",
            "hrefLang",
            "integrity",
            "media",
            "referrerPolicy",
            "rel",
            "sizes",
            "type"
        ],
        "object": [
            "data",
            "form",
            "height",
            "name",
            "type",
            "useMap",
            "width"
        ],
        "time": [
            "dateTime"
        ],
        "track": [
            "default",
            "kind",
            "label",
            "src",
            "srcLang"
        ],
        "fieldset": [
            "disabled",
            "form",
            "name"
        ],
        "optgroup": [
            "disabled",
            "label"
        ],
        "option": [
            "disabled",
            "label",
            "selected",
            "value"
        ],
        "a": [
            "download",
            "href",
            "hrefLang",
            "media",
            "referrerPolicy",
            "rel",
            "shape",
            "target"
        ],
        "label": [
            "htmlFor",
            "form"
        ],
        "output": [
            "htmlFor",
            "form",
            "name"
        ],
        "meter": [
            "form",
            "high",
            "low",
            "max",
            "min",
            "optimum",
            "value"
        ],
        "progress": [
            "form",
            "max",
            "value"
        ],
        "canvas": [
            "height",
            "width"
        ],
        "embed": [
            "height",
            "src",
            "type",
            "width"
        ],
        "base": [
            "href",
            "target"
        ],
        "contenteditable": [
            "inputMode"
        ],
        "bgsound": [
            "loop"
        ],
        "marquee": [
            "loop"
        ],
        "html": [
            "manifest"
        ],
        "source": [
            "media",
            "sizes",
            "src",
            "srcSet",
            "type"
        ],
        "style": [
            "media",
            "scoped",
            "type"
        ],
        "map": [
            "name"
        ],
        "param": [
            "name",
            "value"
        ],
        "details": [
            "open"
        ],
        "dialog": [
            "open"
        ],
        "ol": [
            "reversed",
            "start"
        ],
        "col": [
            "span"
        ],
        "colgroup": [
            "span"
        ],
        "table": [
            "summary"
        ],
        "menu": [
            "type"
        ],
        "data": [
            "value"
        ],
        "li": [
            "value"
        ]
    }
}